onset	duration	sample	trial_type	response_time	stim_file	value
0.0000000000	n/a	n/a	STATUS	n/a	n/a	boundary
206.6600000000	n/a	n/a	STATUS	n/a	n/a	S111
213.7600000000	n/a	n/a	STATUS	n/a	n/a	S111
219.7560000000	n/a	n/a	STATUS	n/a	n/a	S111
256.4240000000	n/a	n/a	STATUS	n/a	n/a	S111
261.5080000000	n/a	n/a	STATUS	n/a	n/a	S111
267.5760000000	n/a	n/a	STATUS	n/a	n/a	S111
373.4020000000	n/a	n/a	STATUS	n/a	n/a	S111
380.1980000000	n/a	n/a	STATUS	n/a	n/a	S111
385.6940000000	n/a	n/a	STATUS	n/a	n/a	S111
392.9420000000	n/a	n/a	STATUS	n/a	n/a	S111
400.3980000000	n/a	n/a	STATUS	n/a	n/a	S111
407.3700000000	n/a	n/a	STATUS	n/a	n/a	S111
415.1660000000	n/a	n/a	STATUS	n/a	n/a	S111
420.3740000000	n/a	n/a	STATUS	n/a	n/a	S111
428.4740000000	n/a	n/a	STATUS	n/a	n/a	S111
461.0440000000	n/a	n/a	STATUS	n/a	n/a	S111
467.4200000000	n/a	n/a	STATUS	n/a	n/a	S111
474.6480000000	n/a	n/a	STATUS	n/a	n/a	S111
480.3720000000	n/a	n/a	STATUS	n/a	n/a	S111
487.3120000000	n/a	n/a	STATUS	n/a	n/a	S111
493.3880000000	n/a	n/a	STATUS	n/a	n/a	S111
499.2720000000	n/a	n/a	STATUS	n/a	n/a	S111
506.4880000000	n/a	n/a	STATUS	n/a	n/a	S111
512.0000000000	n/a	n/a	STATUS	n/a	n/a	S111
518.9240000000	n/a	n/a	STATUS	n/a	n/a	S111
524.6600000000	n/a	n/a	STATUS	n/a	n/a	S111
531.5840000000	n/a	n/a	STATUS	n/a	n/a	S111
609.5580000000	n/a	n/a	CUE: C - win picture	n/a	n/a	S  3
611.5440000000	n/a	n/a	Right Button	n/a	n/a	S 20
611.5940000000	n/a	n/a	Response Inaccurate	n/a	n/a	S200
612.5260000000	n/a	n/a	FB cue: Pic Lose	n/a	n/a	S 54
614.4440000000	n/a	n/a	FB type: CHAIR (lose)	n/a	n/a	S106
616.9800000000	n/a	n/a	CUE: B - avoid point loss	n/a	n/a	S  2
620.7680000000	n/a	n/a	Left Button	n/a	n/a	S 10
620.8180000000	n/a	n/a	Response Accurate	n/a	n/a	S201
621.7340000000	n/a	n/a	FB cue: Point Lose	n/a	n/a	S 52
623.6520000000	n/a	n/a	FB type: POINT (lose)	n/a	n/a	S104
625.5360000000	n/a	n/a	CUE: B - avoid point loss	n/a	n/a	S  2
628.8920000000	n/a	n/a	Right Button	n/a	n/a	S 20
628.9420000000	n/a	n/a	Response Accurate	n/a	n/a	S201
629.5900000000	n/a	n/a	FB cue: Point Win	n/a	n/a	S 51
631.2400000000	n/a	n/a	FB type: NULL BAR (win)	n/a	n/a	S103
633.6760000000	n/a	n/a	CUE: A - win point	n/a	n/a	S  1
635.7000000000	n/a	n/a	Right Button	n/a	n/a	S 20
635.7500000000	n/a	n/a	Response Accurate	n/a	n/a	S201
636.6280000000	n/a	n/a	FB cue: Point Lose	n/a	n/a	S 52
638.5120000000	n/a	n/a	FB type: NULL BAR (lose)	n/a	n/a	S102
640.9640000000	n/a	n/a	CUE: B - avoid point loss	n/a	n/a	S  2
643.2020000000	n/a	n/a	Left Button	n/a	n/a	S 10
643.2540000000	n/a	n/a	Response Inaccurate	n/a	n/a	S200
644.2340000000	n/a	n/a	FB cue: Point Win	n/a	n/a	S 51
646.2180000000	n/a	n/a	FB type: NULL BAR (win)	n/a	n/a	S103
648.6700000000	n/a	n/a	CUE: D - avoid picture loss	n/a	n/a	S  4
652.2220000000	n/a	n/a	Left Button	n/a	n/a	S 10
652.2740000000	n/a	n/a	Response Accurate	n/a	n/a	S201
653.1240000000	n/a	n/a	FB cue: Pic Win	n/a	n/a	S 53
654.9760000000	n/a	n/a	FB type: CHAIR (win)	n/a	n/a	S107
657.3940000000	n/a	n/a	CUE: C - win picture	n/a	n/a	S  3
660.8820000000	n/a	n/a	Left Button	n/a	n/a	S 10
660.9320000000	n/a	n/a	Response Accurate	n/a	n/a	S201
661.5980000000	n/a	n/a	FB cue: Pic Lose	n/a	n/a	S 54
663.2660000000	n/a	n/a	FB type: CHAIR (lose)	n/a	n/a	S106
665.8000000000	n/a	n/a	CUE: A - win point	n/a	n/a	S  1
669.8180000000	n/a	n/a	Right Button	n/a	n/a	S 20
669.8680000000	n/a	n/a	Response Accurate	n/a	n/a	S201
670.7880000000	n/a	n/a	FB cue: Point Lose	n/a	n/a	S 52
672.7060000000	n/a	n/a	FB type: NULL BAR (lose)	n/a	n/a	S102
674.8240000000	n/a	n/a	CUE: A - win point	n/a	n/a	S  1
676.2940000000	n/a	n/a	Left Button	n/a	n/a	S 10
676.3440000000	n/a	n/a	Response Accurate	n/a	n/a	S201
677.4100000000	n/a	n/a	FB cue: Point Win	n/a	n/a	S 51
679.4780000000	n/a	n/a	FB type: POINT (win)	n/a	n/a	S101
681.6120000000	n/a	n/a	CUE: A - win point	n/a	n/a	S  1
684.0380000000	n/a	n/a	Left Button	n/a	n/a	S 10
684.0880000000	n/a	n/a	Response Accurate	n/a	n/a	S201
684.6640000000	n/a	n/a	FB cue: Point Win	n/a	n/a	S 51
686.2500000000	n/a	n/a	FB type: POINT (win)	n/a	n/a	S101
688.3180000000	n/a	n/a	CUE: D - avoid picture loss	n/a	n/a	S  4
691.4060000000	n/a	n/a	Left Button	n/a	n/a	S 10
691.4560000000	n/a	n/a	Response Inaccurate	n/a	n/a	S200
692.4880000000	n/a	n/a	FB cue: Pic Lose	n/a	n/a	S 54
694.5220000000	n/a	n/a	FB type: NEG PIC (lose)	n/a	n/a	S108
696.7580000000	n/a	n/a	CUE: D - avoid picture loss	n/a	n/a	S  4
699.1100000000	n/a	n/a	Right Button	n/a	n/a	S 20
699.1600000000	n/a	n/a	Response Accurate	n/a	n/a	S201
699.9440000000	n/a	n/a	FB cue: Pic Lose	n/a	n/a	S 54
701.7280000000	n/a	n/a	FB type: NEG PIC (lose)	n/a	n/a	S108
703.8960000000	n/a	n/a	CUE: C - win picture	n/a	n/a	S  3
706.6980000000	n/a	n/a	Left Button	n/a	n/a	S 10
706.7480000000	n/a	n/a	Response Accurate	n/a	n/a	S201
707.4820000000	n/a	n/a	FB cue: Pic Lose	n/a	n/a	S 54
709.2160000000	n/a	n/a	FB type: CHAIR (lose)	n/a	n/a	S106
711.1520000000	n/a	n/a	CUE: B - avoid point loss	n/a	n/a	S  2
713.7620000000	n/a	n/a	Left Button	n/a	n/a	S 10
713.8120000000	n/a	n/a	Response Inaccurate	n/a	n/a	S200
714.8380000000	n/a	n/a	FB cue: Point Win	n/a	n/a	S 51
716.8720000000	n/a	n/a	FB type: NULL BAR (win)	n/a	n/a	S103
718.7080000000	n/a	n/a	CUE: B - avoid point loss	n/a	n/a	S  2
720.5380000000	n/a	n/a	Left Button	n/a	n/a	S 10
720.5880000000	n/a	n/a	Response Accurate	n/a	n/a	S201
721.2920000000	n/a	n/a	FB cue: Point Lose	n/a	n/a	S 52
723.0100000000	n/a	n/a	FB type: POINT (lose)	n/a	n/a	S104
724.8620000000	n/a	n/a	CUE: B - avoid point loss	n/a	n/a	S  2
726.6900000000	n/a	n/a	Left Button	n/a	n/a	S 10
726.7400000000	n/a	n/a	Response Accurate	n/a	n/a	S201
727.5980000000	n/a	n/a	FB cue: Point Lose	n/a	n/a	S 52
729.4820000000	n/a	n/a	FB type: POINT (lose)	n/a	n/a	S104
731.5180000000	n/a	n/a	CUE: D - avoid picture loss	n/a	n/a	S  4
733.2380000000	n/a	n/a	Right Button	n/a	n/a	S 20
733.2880000000	n/a	n/a	Response Inaccurate	n/a	n/a	S200
734.3020000000	n/a	n/a	FB cue: Pic Win	n/a	n/a	S 53
736.3220000000	n/a	n/a	FB type: CHAIR (win)	n/a	n/a	S107
738.4560000000	n/a	n/a	CUE: C - win picture	n/a	n/a	S  3
741.8020000000	n/a	n/a	Right Button	n/a	n/a	S 20
741.8520000000	n/a	n/a	Response Accurate	n/a	n/a	S201
742.8100000000	n/a	n/a	FB cue: Pic Win	n/a	n/a	S 53
744.7780000000	n/a	n/a	FB type: PUPPY (win)	n/a	n/a	S105
746.8460000000	n/a	n/a	CUE: D - avoid picture loss	n/a	n/a	S  4
749.3100000000	n/a	n/a	Right Button	n/a	n/a	S 20
749.3600000000	n/a	n/a	Response Accurate	n/a	n/a	S201
750.1480000000	n/a	n/a	FB cue: Pic Lose	n/a	n/a	S 54
751.9340000000	n/a	n/a	FB type: NEG PIC (lose)	n/a	n/a	S108
754.0180000000	n/a	n/a	CUE: A - win point	n/a	n/a	S  1
756.3700000000	n/a	n/a	Right Button	n/a	n/a	S 20
756.4200000000	n/a	n/a	Response Accurate	n/a	n/a	S201
757.1200000000	n/a	n/a	FB cue: Point Lose	n/a	n/a	S 52
758.8220000000	n/a	n/a	FB type: NULL BAR (lose)	n/a	n/a	S102
761.2900000000	n/a	n/a	CUE: D - avoid picture loss	n/a	n/a	S  4
764.8340000000	n/a	n/a	Left Button	n/a	n/a	S 10
764.8840000000	n/a	n/a	Response Inaccurate	n/a	n/a	S200
765.7280000000	n/a	n/a	FB cue: Pic Lose	n/a	n/a	S 54
767.5780000000	n/a	n/a	FB type: NEG PIC (lose)	n/a	n/a	S108
769.7800000000	n/a	n/a	CUE: A - win point	n/a	n/a	S  1
772.9660000000	n/a	n/a	Right Button	n/a	n/a	S 20
773.0160000000	n/a	n/a	Response Inaccurate	n/a	n/a	S200
773.7500000000	n/a	n/a	FB cue: Point Win	n/a	n/a	S 51
775.4840000000	n/a	n/a	FB type: POINT (win)	n/a	n/a	S101
777.6200000000	n/a	n/a	CUE: C - win picture	n/a	n/a	S  3
781.0820000000	n/a	n/a	Left Button	n/a	n/a	S 10
781.1320000000	n/a	n/a	Response Accurate	n/a	n/a	S201
782.0720000000	n/a	n/a	FB cue: Pic Lose	n/a	n/a	S 54
784.0240000000	n/a	n/a	FB type: CHAIR (lose)	n/a	n/a	S106
786.2420000000	n/a	n/a	CUE: B - avoid point loss	n/a	n/a	S  2
787.7140000000	n/a	n/a	Left Button	n/a	n/a	S 10
787.7640000000	n/a	n/a	Response Accurate	n/a	n/a	S201
788.7780000000	n/a	n/a	FB cue: Point Lose	n/a	n/a	S 52
790.7960000000	n/a	n/a	FB type: POINT (lose)	n/a	n/a	S104
792.9980000000	n/a	n/a	CUE: D - avoid picture loss	n/a	n/a	S  4
795.3580000000	n/a	n/a	Right Button	n/a	n/a	S 20
795.4080000000	n/a	n/a	Response Accurate	n/a	n/a	S201
796.4680000000	n/a	n/a	FB cue: Pic Lose	n/a	n/a	S 54
798.5360000000	n/a	n/a	FB type: NEG PIC (lose)	n/a	n/a	S108
800.4200000000	n/a	n/a	CUE: D - avoid picture loss	n/a	n/a	S  4
802.3620000000	n/a	n/a	Left Button	n/a	n/a	S 10
802.4120000000	n/a	n/a	Response Accurate	n/a	n/a	S201
803.0720000000	n/a	n/a	FB cue: Pic Win	n/a	n/a	S 53
804.7400000000	n/a	n/a	FB type: CHAIR (win)	n/a	n/a	S107
806.8260000000	n/a	n/a	CUE: B - avoid point loss	n/a	n/a	S  2
808.6900000000	n/a	n/a	Left Button	n/a	n/a	S 10
808.7400000000	n/a	n/a	Response Accurate	n/a	n/a	S201
809.4780000000	n/a	n/a	FB cue: Point Lose	n/a	n/a	S 52
811.2120000000	n/a	n/a	FB type: POINT (lose)	n/a	n/a	S104
813.2140000000	n/a	n/a	CUE: C - win picture	n/a	n/a	S  3
815.3700000000	n/a	n/a	Right Button	n/a	n/a	S 20
815.4200000000	n/a	n/a	Response Inaccurate	n/a	n/a	S200
816.2320000000	n/a	n/a	FB cue: Pic Lose	n/a	n/a	S 54
818.0500000000	n/a	n/a	FB type: CHAIR (lose)	n/a	n/a	S106
819.9180000000	n/a	n/a	CUE: D - avoid picture loss	n/a	n/a	S  4
823.5020000000	n/a	n/a	Left Button	n/a	n/a	S 10
823.5520000000	n/a	n/a	Response Inaccurate	n/a	n/a	S200
824.5560000000	n/a	n/a	FB cue: Pic Lose	n/a	n/a	S 54
826.5580000000	n/a	n/a	FB type: NEG PIC (lose)	n/a	n/a	S108
829.0420000000	n/a	n/a	CUE: D - avoid picture loss	n/a	n/a	S  4
830.8360000000	n/a	n/a	Right Button	n/a	n/a	S 20
830.8880000000	n/a	n/a	Response Inaccurate	n/a	n/a	S200
831.5940000000	n/a	n/a	FB cue: Pic Win	n/a	n/a	S 53
833.3120000000	n/a	n/a	FB type: CHAIR (win)	n/a	n/a	S107
835.4980000000	n/a	n/a	CUE: A - win point	n/a	n/a	S  1
843.8800000000	n/a	n/a	Right Button	n/a	n/a	S 20
843.9300000000	n/a	n/a	Response Inaccurate	n/a	n/a	S200
844.6880000000	n/a	n/a	FB cue: Point Win	n/a	n/a	S 51
846.4560000000	n/a	n/a	FB type: POINT (win)	n/a	n/a	S101
848.4240000000	n/a	n/a	CUE: D - avoid picture loss	n/a	n/a	S  4
854.6640000000	n/a	n/a	Right Button	n/a	n/a	S 20
854.7140000000	n/a	n/a	Response Accurate	n/a	n/a	S201
855.5960000000	n/a	n/a	FB cue: Pic Lose	n/a	n/a	S 54
857.4800000000	n/a	n/a	FB type: NEG PIC (lose)	n/a	n/a	S108
859.4480000000	n/a	n/a	CUE: D - avoid picture loss	n/a	n/a	S  4
860.4960000000	n/a	n/a	Left Button	n/a	n/a	S 10
860.5460000000	n/a	n/a	Response Inaccurate	n/a	n/a	S200
861.2500000000	n/a	n/a	FB cue: Pic Lose	n/a	n/a	S 54
862.9520000000	n/a	n/a	FB type: NEG PIC (lose)	n/a	n/a	S108
865.2860000000	n/a	n/a	CUE: B - avoid point loss	n/a	n/a	S  2
867.0440000000	n/a	n/a	Left Button	n/a	n/a	S 10
867.0940000000	n/a	n/a	Response Accurate	n/a	n/a	S201
868.1720000000	n/a	n/a	FB cue: Point Lose	n/a	n/a	S 52
870.2580000000	n/a	n/a	FB type: POINT (lose)	n/a	n/a	S104
872.3080000000	n/a	n/a	CUE: B - avoid point loss	n/a	n/a	S  2
873.2080000000	n/a	n/a	Right Button	n/a	n/a	S 20
873.2580000000	n/a	n/a	Response Accurate	n/a	n/a	S201
874.2940000000	n/a	n/a	FB cue: Point Win	n/a	n/a	S 51
876.3280000000	n/a	n/a	FB type: NULL BAR (win)	n/a	n/a	S103
878.2460000000	n/a	n/a	CUE: C - win picture	n/a	n/a	S  3
883.5000000000	n/a	n/a	Right Button	n/a	n/a	S 20
883.5500000000	n/a	n/a	Response Accurate	n/a	n/a	S201
884.5680000000	n/a	n/a	FB cue: Pic Win	n/a	n/a	S 53
886.5860000000	n/a	n/a	FB type: PUPPY (win)	n/a	n/a	S105
888.5540000000	n/a	n/a	CUE: C - win picture	n/a	n/a	S  3
892.4760000000	n/a	n/a	Left Button	n/a	n/a	S 10
892.5260000000	n/a	n/a	Response Inaccurate	n/a	n/a	S200
893.4080000000	n/a	n/a	FB cue: Pic Win	n/a	n/a	S 53
895.2940000000	n/a	n/a	FB type: PUPPY (win)	n/a	n/a	S105
897.7620000000	n/a	n/a	CUE: D - avoid picture loss	n/a	n/a	S  4
902.4320000000	n/a	n/a	Left Button	n/a	n/a	S 10
902.4820000000	n/a	n/a	Response Accurate	n/a	n/a	S201
903.1500000000	n/a	n/a	FB cue: Pic Win	n/a	n/a	S 53
904.8160000000	n/a	n/a	FB type: CHAIR (win)	n/a	n/a	S107
907.2680000000	n/a	n/a	CUE: A - win point	n/a	n/a	S  1
914.3040000000	n/a	n/a	Right Button	n/a	n/a	S 20
914.3540000000	n/a	n/a	Response Inaccurate	n/a	n/a	S200
915.1740000000	n/a	n/a	FB cue: Point Win	n/a	n/a	S 51
916.9940000000	n/a	n/a	FB type: POINT (win)	n/a	n/a	S101
919.4780000000	n/a	n/a	CUE: D - avoid picture loss	n/a	n/a	S  4
923.8800000000	n/a	n/a	Left Button	n/a	n/a	S 10
923.9300000000	n/a	n/a	Response Accurate	n/a	n/a	S201
924.9320000000	n/a	n/a	FB cue: Pic Win	n/a	n/a	S 53
926.9340000000	n/a	n/a	FB type: CHAIR (win)	n/a	n/a	S107
929.0520000000	n/a	n/a	CUE: B - avoid point loss	n/a	n/a	S  2
932.7800000000	n/a	n/a	Right Button	n/a	n/a	S 20
932.8300000000	n/a	n/a	Response Accurate	n/a	n/a	S201
933.5900000000	n/a	n/a	FB cue: Point Win	n/a	n/a	S 51
935.3580000000	n/a	n/a	FB type: NULL BAR (win)	n/a	n/a	S103
937.8600000000	n/a	n/a	CUE: C - win picture	n/a	n/a	S  3
941.6440000000	n/a	n/a	Right Button	n/a	n/a	S 20
941.6940000000	n/a	n/a	Response Inaccurate	n/a	n/a	S200
942.3300000000	n/a	n/a	FB cue: Pic Lose	n/a	n/a	S 54
943.9640000000	n/a	n/a	FB type: CHAIR (lose)	n/a	n/a	S106
946.4820000000	n/a	n/a	CUE: D - avoid picture loss	n/a	n/a	S  4
952.7440000000	n/a	n/a	Left Button	n/a	n/a	S 10
952.7940000000	n/a	n/a	Response Accurate	n/a	n/a	S201
953.7720000000	n/a	n/a	FB cue: Pic Win	n/a	n/a	S 53
955.7560000000	n/a	n/a	FB type: CHAIR (win)	n/a	n/a	S107
957.6580000000	n/a	n/a	CUE: D - avoid picture loss	n/a	n/a	S  4
959.1200000000	n/a	n/a	Left Button	n/a	n/a	S 10
959.1700000000	n/a	n/a	Response Accurate	n/a	n/a	S201
960.0260000000	n/a	n/a	FB cue: Pic Win	n/a	n/a	S 53
961.8940000000	n/a	n/a	FB type: CHAIR (win)	n/a	n/a	S107
964.3460000000	n/a	n/a	CUE: A - win point	n/a	n/a	S  1
967.8640000000	n/a	n/a	Right Button	n/a	n/a	S 20
967.9140000000	n/a	n/a	Response Inaccurate	n/a	n/a	S200
968.6000000000	n/a	n/a	FB cue: Point Win	n/a	n/a	S 51
970.2840000000	n/a	n/a	FB type: POINT (win)	n/a	n/a	S101
972.7360000000	n/a	n/a	CUE: D - avoid picture loss	n/a	n/a	S  4
974.7400000000	n/a	n/a	Left Button	n/a	n/a	S 10
974.7900000000	n/a	n/a	Response Accurate	n/a	n/a	S201
975.7720000000	n/a	n/a	FB cue: Pic Win	n/a	n/a	S 53
977.7560000000	n/a	n/a	FB type: CHAIR (win)	n/a	n/a	S107
980.1420000000	n/a	n/a	CUE: A - win point	n/a	n/a	S  1
982.7800000000	n/a	n/a	Right Button	n/a	n/a	S 20
982.8300000000	n/a	n/a	Response Accurate	n/a	n/a	S201
983.8780000000	n/a	n/a	FB cue: Point Lose	n/a	n/a	S 52
985.9300000000	n/a	n/a	FB type: NULL BAR (lose)	n/a	n/a	S102
987.7980000000	n/a	n/a	CUE: D - avoid picture loss	n/a	n/a	S  4
992.2600000000	n/a	n/a	Right Button	n/a	n/a	S 20
992.3100000000	n/a	n/a	Response Accurate	n/a	n/a	S201
992.9180000000	n/a	n/a	FB cue: Pic Lose	n/a	n/a	S 54
994.5360000000	n/a	n/a	FB type: NEG PIC (lose)	n/a	n/a	S108
996.5380000000	n/a	n/a	CUE: C - win picture	n/a	n/a	S  3
1000.8520000000	n/a	n/a	Left Button	n/a	n/a	S 10
1000.9020000000	n/a	n/a	Response Accurate	n/a	n/a	S201
1001.9420000000	n/a	n/a	FB cue: Pic Lose	n/a	n/a	S 54
1003.9940000000	n/a	n/a	FB type: CHAIR (lose)	n/a	n/a	S106
1006.4280000000	n/a	n/a	CUE: A - win point	n/a	n/a	S  1
1009.3720000000	n/a	n/a	Right Button	n/a	n/a	S 20
1009.4220000000	n/a	n/a	Response Accurate	n/a	n/a	S201
1010.4480000000	n/a	n/a	FB cue: Point Lose	n/a	n/a	S 52
1012.4820000000	n/a	n/a	FB type: NULL BAR (lose)	n/a	n/a	S102
1015.0180000000	n/a	n/a	CUE: B - avoid point loss	n/a	n/a	S  2
1020.4140000000	n/a	n/a	Left Button	n/a	n/a	S 10
1020.4660000000	n/a	n/a	Response Accurate	n/a	n/a	S201
1021.4740000000	n/a	n/a	FB cue: Point Lose	n/a	n/a	S 52
1023.4920000000	n/a	n/a	FB type: POINT (lose)	n/a	n/a	S104
1025.7600000000	n/a	n/a	CUE: C - win picture	n/a	n/a	S  3
1027.8020000000	n/a	n/a	Right Button	n/a	n/a	S 20
1027.8520000000	n/a	n/a	Response Accurate	n/a	n/a	S201
1028.8960000000	n/a	n/a	FB cue: Pic Win	n/a	n/a	S 53
1030.9480000000	n/a	n/a	FB type: PUPPY (win)	n/a	n/a	S105
1033.4320000000	n/a	n/a	CUE: A - win point	n/a	n/a	S  1
1035.9860000000	n/a	n/a	Right Button	n/a	n/a	S 20
1036.0360000000	n/a	n/a	Response Inaccurate	n/a	n/a	S200
1036.8680000000	n/a	n/a	FB cue: Point Win	n/a	n/a	S 51
1038.7040000000	n/a	n/a	FB type: POINT (win)	n/a	n/a	S101
1041.1540000000	n/a	n/a	CUE: B - avoid point loss	n/a	n/a	S  2
1046.8180000000	n/a	n/a	Left Button	n/a	n/a	S 10
1046.8680000000	n/a	n/a	Response Inaccurate	n/a	n/a	S200
1047.9260000000	n/a	n/a	FB cue: Point Win	n/a	n/a	S 51
1049.9960000000	n/a	n/a	FB type: NULL BAR (win)	n/a	n/a	S103
1052.0300000000	n/a	n/a	CUE: D - avoid picture loss	n/a	n/a	S  4
1056.4700000000	n/a	n/a	Right Button	n/a	n/a	S 20
1056.5200000000	n/a	n/a	Response Accurate	n/a	n/a	S201
1057.1500000000	n/a	n/a	FB cue: Pic Lose	n/a	n/a	S 54
1058.7860000000	n/a	n/a	FB type: NEG PIC (lose)	n/a	n/a	S108
1060.9200000000	n/a	n/a	CUE: C - win picture	n/a	n/a	S  3
1062.9820000000	n/a	n/a	Left Button	n/a	n/a	S 10
1063.0320000000	n/a	n/a	Response Accurate	n/a	n/a	S201
1063.7220000000	n/a	n/a	FB cue: Pic Lose	n/a	n/a	S 54
1065.4240000000	n/a	n/a	FB type: CHAIR (lose)	n/a	n/a	S106
1067.5760000000	n/a	n/a	CUE: D - avoid picture loss	n/a	n/a	S  4
1071.3620000000	n/a	n/a	Left Button	n/a	n/a	S 10
1071.4120000000	n/a	n/a	Response Accurate	n/a	n/a	S201
1072.2620000000	n/a	n/a	FB cue: Pic Win	n/a	n/a	S 53
1074.1300000000	n/a	n/a	FB type: CHAIR (win)	n/a	n/a	S107
1076.4160000000	n/a	n/a	CUE: C - win picture	n/a	n/a	S  3
1082.1900000000	n/a	n/a	Right Button	n/a	n/a	S 20
1082.2400000000	n/a	n/a	Response Accurate	n/a	n/a	S201
1083.2880000000	n/a	n/a	FB cue: Pic Win	n/a	n/a	S 53
1085.3380000000	n/a	n/a	FB type: PUPPY (win)	n/a	n/a	S105
1087.5080000000	n/a	n/a	CUE: B - avoid point loss	n/a	n/a	S  2
1090.6300000000	n/a	n/a	Left Button	n/a	n/a	S 10
1090.6800000000	n/a	n/a	Response Accurate	n/a	n/a	S201
1091.2940000000	n/a	n/a	FB cue: Point Lose	n/a	n/a	S 52
1092.9120000000	n/a	n/a	FB type: POINT (lose)	n/a	n/a	S104
1095.0460000000	n/a	n/a	CUE: D - avoid picture loss	n/a	n/a	S  4
1096.2700000000	n/a	n/a	Left Button	n/a	n/a	S 10
1096.3200000000	n/a	n/a	Response Accurate	n/a	n/a	S201
1097.2140000000	n/a	n/a	FB cue: Pic Win	n/a	n/a	S 53
1099.1160000000	n/a	n/a	FB type: CHAIR (win)	n/a	n/a	S107
1101.4680000000	n/a	n/a	CUE: A - win point	n/a	n/a	S  1
1103.3980000000	n/a	n/a	Right Button	n/a	n/a	S 20
1103.4480000000	n/a	n/a	Response Accurate	n/a	n/a	S201
1104.1040000000	n/a	n/a	FB cue: Point Lose	n/a	n/a	S 52
1105.7540000000	n/a	n/a	FB type: NULL BAR (lose)	n/a	n/a	S102
1108.3060000000	n/a	n/a	CUE: A - win point	n/a	n/a	S  1
1110.0460000000	n/a	n/a	Right Button	n/a	n/a	S 20
1110.0960000000	n/a	n/a	Response Accurate	n/a	n/a	S201
1110.7580000000	n/a	n/a	FB cue: Point Lose	n/a	n/a	S 52
1112.4260000000	n/a	n/a	FB type: NULL BAR (lose)	n/a	n/a	S102
1114.8940000000	n/a	n/a	CUE: B - avoid point loss	n/a	n/a	S  2
1117.9780000000	n/a	n/a	Left Button	n/a	n/a	S 10
1118.0280000000	n/a	n/a	Response Inaccurate	n/a	n/a	S200
1119.0820000000	n/a	n/a	FB cue: Point Win	n/a	n/a	S 51
1121.1320000000	n/a	n/a	FB type: NULL BAR (win)	n/a	n/a	S103
1123.6840000000	n/a	n/a	CUE: A - win point	n/a	n/a	S  1
1127.1660000000	n/a	n/a	Right Button	n/a	n/a	S 20
1127.2160000000	n/a	n/a	Response Inaccurate	n/a	n/a	S200
1128.2560000000	n/a	n/a	FB cue: Point Win	n/a	n/a	S 51
1130.2900000000	n/a	n/a	FB type: POINT (win)	n/a	n/a	S101
1132.4580000000	n/a	n/a	CUE: D - avoid picture loss	n/a	n/a	S  4
1133.7020000000	n/a	n/a	Left Button	n/a	n/a	S 10
1133.7520000000	n/a	n/a	Response Accurate	n/a	n/a	S201
1134.4600000000	n/a	n/a	FB cue: Pic Win	n/a	n/a	S 53
1136.1780000000	n/a	n/a	FB type: CHAIR (win)	n/a	n/a	S107
1138.4960000000	n/a	n/a	CUE: A - win point	n/a	n/a	S  1
1142.2460000000	n/a	n/a	Left Button	n/a	n/a	S 10
1142.2960000000	n/a	n/a	Response Inaccurate	n/a	n/a	S200
1143.1340000000	n/a	n/a	FB cue: Point Lose	n/a	n/a	S 52
1144.9680000000	n/a	n/a	FB type: NULL BAR (lose)	n/a	n/a	S102
1147.5040000000	n/a	n/a	CUE: A - win point	n/a	n/a	S  1
1149.9540000000	n/a	n/a	Left Button	n/a	n/a	S 10
1150.0040000000	n/a	n/a	Response Accurate	n/a	n/a	S201
1150.6560000000	n/a	n/a	FB cue: Point Win	n/a	n/a	S 51
1152.3240000000	n/a	n/a	FB type: POINT (win)	n/a	n/a	S101
1154.6080000000	n/a	n/a	CUE: A - win point	n/a	n/a	S  1
1158.6940000000	n/a	n/a	Right Button	n/a	n/a	S 20
1158.7440000000	n/a	n/a	Response Accurate	n/a	n/a	S201
1159.6300000000	n/a	n/a	FB cue: Point Lose	n/a	n/a	S 52
1161.5140000000	n/a	n/a	FB type: NULL BAR (lose)	n/a	n/a	S102
1163.7160000000	n/a	n/a	CUE: A - win point	n/a	n/a	S  1
1165.5540000000	n/a	n/a	Right Button	n/a	n/a	S 20
1165.6040000000	n/a	n/a	Response Accurate	n/a	n/a	S201
1166.5020000000	n/a	n/a	FB cue: Point Lose	n/a	n/a	S 52
1168.4020000000	n/a	n/a	FB type: NULL BAR (lose)	n/a	n/a	S102
1170.6880000000	n/a	n/a	CUE: C - win picture	n/a	n/a	S  3
1172.4060000000	n/a	n/a	Right Button	n/a	n/a	S 20
1172.4560000000	n/a	n/a	Response Accurate	n/a	n/a	S201
1173.2720000000	n/a	n/a	FB cue: Pic Win	n/a	n/a	S 53
1175.0900000000	n/a	n/a	FB type: PUPPY (win)	n/a	n/a	S105
1177.5260000000	n/a	n/a	CUE: D - avoid picture loss	n/a	n/a	S  4
1178.4020000000	n/a	n/a	Left Button	n/a	n/a	S 10
1178.4520000000	n/a	n/a	Response Accurate	n/a	n/a	S201
1179.4280000000	n/a	n/a	FB cue: Pic Win	n/a	n/a	S 53
1181.4120000000	n/a	n/a	FB type: CHAIR (win)	n/a	n/a	S107
1183.8820000000	n/a	n/a	CUE: A - win point	n/a	n/a	S  1
1188.3540000000	n/a	n/a	Right Button	n/a	n/a	S 20
1188.4040000000	n/a	n/a	Response Accurate	n/a	n/a	S201
1189.4180000000	n/a	n/a	FB cue: Point Lose	n/a	n/a	S 52
1191.4360000000	n/a	n/a	FB type: NULL BAR (lose)	n/a	n/a	S102
1193.9560000000	n/a	n/a	CUE: A - win point	n/a	n/a	S  1
1196.1180000000	n/a	n/a	Right Button	n/a	n/a	S 20
1196.1680000000	n/a	n/a	Response Accurate	n/a	n/a	S201
1197.0580000000	n/a	n/a	FB cue: Point Lose	n/a	n/a	S 52
1198.9600000000	n/a	n/a	FB type: NULL BAR (lose)	n/a	n/a	S102
1201.2120000000	n/a	n/a	CUE: D - avoid picture loss	n/a	n/a	S  4
1203.5560000000	n/a	n/a	Left Button	n/a	n/a	S 10
1203.6080000000	n/a	n/a	Response Accurate	n/a	n/a	S201
1204.3460000000	n/a	n/a	FB cue: Pic Win	n/a	n/a	S 53
1206.0980000000	n/a	n/a	FB type: CHAIR (win)	n/a	n/a	S107
1208.4660000000	n/a	n/a	CUE: A - win point	n/a	n/a	S  1
1209.1240000000	n/a	n/a	Left Button	n/a	n/a	S 10
1209.1740000000	n/a	n/a	Response Accurate	n/a	n/a	S201
1209.8680000000	n/a	n/a	FB cue: Point Win	n/a	n/a	S 51
1211.5860000000	n/a	n/a	FB type: POINT (win)	n/a	n/a	S101
1214.1540000000	n/a	n/a	CUE: D - avoid picture loss	n/a	n/a	S  4
1214.9560000000	n/a	n/a	Left Button	n/a	n/a	S 10
1215.0060000000	n/a	n/a	Response Accurate	n/a	n/a	S201
1215.6220000000	n/a	n/a	FB cue: Pic Win	n/a	n/a	S 53
1217.2400000000	n/a	n/a	FB type: CHAIR (win)	n/a	n/a	S107
1219.1580000000	n/a	n/a	CUE: A - win point	n/a	n/a	S  1
1220.6520000000	n/a	n/a	Left Button	n/a	n/a	S 10
1220.7020000000	n/a	n/a	Response Inaccurate	n/a	n/a	S200
1221.4940000000	n/a	n/a	FB cue: Point Lose	n/a	n/a	S 52
1223.3120000000	n/a	n/a	FB type: NULL BAR (lose)	n/a	n/a	S102
1225.7460000000	n/a	n/a	CUE: C - win picture	n/a	n/a	S  3
1227.2000000000	n/a	n/a	Right Button	n/a	n/a	S 20
1227.2500000000	n/a	n/a	Response Accurate	n/a	n/a	S201
1228.2160000000	n/a	n/a	FB cue: Pic Win	n/a	n/a	S 53
1230.1840000000	n/a	n/a	FB type: PUPPY (win)	n/a	n/a	S105
1232.2840000000	n/a	n/a	CUE: B - avoid point loss	n/a	n/a	S  2
1234.8240000000	n/a	n/a	Left Button	n/a	n/a	S 10
1234.8740000000	n/a	n/a	Response Inaccurate	n/a	n/a	S200
1235.8880000000	n/a	n/a	FB cue: Point Win	n/a	n/a	S 51
1237.9060000000	n/a	n/a	FB type: NULL BAR (win)	n/a	n/a	S103
1240.3580000000	n/a	n/a	CUE: B - avoid point loss	n/a	n/a	S  2
1242.1600000000	n/a	n/a	Left Button	n/a	n/a	S 10
1242.2100000000	n/a	n/a	Response Accurate	n/a	n/a	S201
1243.1100000000	n/a	n/a	FB cue: Point Lose	n/a	n/a	S 52
1245.0280000000	n/a	n/a	FB type: POINT (lose)	n/a	n/a	S104
1247.4300000000	n/a	n/a	CUE: A - win point	n/a	n/a	S  1
1249.6760000000	n/a	n/a	Right Button	n/a	n/a	S 20
1249.7260000000	n/a	n/a	Response Inaccurate	n/a	n/a	S200
1250.6820000000	n/a	n/a	FB cue: Point Win	n/a	n/a	S 51
1252.6500000000	n/a	n/a	FB type: POINT (win)	n/a	n/a	S101
1255.1860000000	n/a	n/a	CUE: B - avoid point loss	n/a	n/a	S  2
1256.1680000000	n/a	n/a	Left Button	n/a	n/a	S 10
1256.2180000000	n/a	n/a	Response Inaccurate	n/a	n/a	S200
1257.2200000000	n/a	n/a	FB cue: Point Win	n/a	n/a	S 51
1259.2220000000	n/a	n/a	FB type: NULL BAR (win)	n/a	n/a	S103
1261.5580000000	n/a	n/a	CUE: B - avoid point loss	n/a	n/a	S  2
1262.5480000000	n/a	n/a	Left Button	n/a	n/a	S 10
1262.5980000000	n/a	n/a	Response Accurate	n/a	n/a	S201
1263.6420000000	n/a	n/a	FB cue: Point Lose	n/a	n/a	S 52
1265.6940000000	n/a	n/a	FB type: POINT (lose)	n/a	n/a	S104
1267.5460000000	n/a	n/a	CUE: C - win picture	n/a	n/a	S  3
1269.3320000000	n/a	n/a	Right Button	n/a	n/a	S 20
1269.3820000000	n/a	n/a	Response Accurate	n/a	n/a	S201
1270.0140000000	n/a	n/a	FB cue: Pic Win	n/a	n/a	S 53
1271.6480000000	n/a	n/a	FB type: PUPPY (win)	n/a	n/a	S105
1273.9160000000	n/a	n/a	CUE: B - avoid point loss	n/a	n/a	S  2
1274.8400000000	n/a	n/a	Left Button	n/a	n/a	S 10
1274.8900000000	n/a	n/a	Response Inaccurate	n/a	n/a	S200
1275.8680000000	n/a	n/a	FB cue: Point Win	n/a	n/a	S 51
1277.8540000000	n/a	n/a	FB type: NULL BAR (win)	n/a	n/a	S103
1280.3720000000	n/a	n/a	CUE: D - avoid picture loss	n/a	n/a	S  4
1281.8560000000	n/a	n/a	Left Button	n/a	n/a	S 10
1281.9060000000	n/a	n/a	Response Inaccurate	n/a	n/a	S200
1282.6240000000	n/a	n/a	FB cue: Pic Lose	n/a	n/a	S 54
1284.3420000000	n/a	n/a	FB type: NEG PIC (lose)	n/a	n/a	S108
1286.3100000000	n/a	n/a	CUE: C - win picture	n/a	n/a	S  3
1287.7240000000	n/a	n/a	Right Button	n/a	n/a	S 20
1287.7740000000	n/a	n/a	Response Accurate	n/a	n/a	S201
1288.3940000000	n/a	n/a	FB cue: Pic Win	n/a	n/a	S 53
1290.0120000000	n/a	n/a	FB type: PUPPY (win)	n/a	n/a	S105
1292.4980000000	n/a	n/a	CUE: B - avoid point loss	n/a	n/a	S  2
1296.9400000000	n/a	n/a	Right Button	n/a	n/a	S 20
1296.9900000000	n/a	n/a	Response Accurate	n/a	n/a	S201
1297.8360000000	n/a	n/a	FB cue: Point Win	n/a	n/a	S 51
1299.6860000000	n/a	n/a	FB type: NULL BAR (win)	n/a	n/a	S103
1302.1060000000	n/a	n/a	CUE: D - avoid picture loss	n/a	n/a	S  4
1304.1160000000	n/a	n/a	Right Button	n/a	n/a	S 20
1304.1660000000	n/a	n/a	Response Accurate	n/a	n/a	S201
1305.2240000000	n/a	n/a	FB cue: Pic Lose	n/a	n/a	S 54
1307.2920000000	n/a	n/a	FB type: NEG PIC (lose)	n/a	n/a	S108
1309.4600000000	n/a	n/a	CUE: C - win picture	n/a	n/a	S  3
1313.2360000000	n/a	n/a	Right Button	n/a	n/a	S 20
1313.2860000000	n/a	n/a	Response Inaccurate	n/a	n/a	S200
1313.9300000000	n/a	n/a	FB cue: Pic Lose	n/a	n/a	S 54
1315.5820000000	n/a	n/a	FB type: CHAIR (lose)	n/a	n/a	S106
1317.7340000000	n/a	n/a	CUE: A - win point	n/a	n/a	S  1
1320.0160000000	n/a	n/a	Right Button	n/a	n/a	S 20
1320.0660000000	n/a	n/a	Response Inaccurate	n/a	n/a	S200
1320.8700000000	n/a	n/a	FB cue: Point Win	n/a	n/a	S 51
1322.6700000000	n/a	n/a	FB type: POINT (win)	n/a	n/a	S101
1324.8220000000	n/a	n/a	CUE: D - avoid picture loss	n/a	n/a	S  4
1325.8520000000	n/a	n/a	Left Button	n/a	n/a	S 10
1325.9020000000	n/a	n/a	Response Accurate	n/a	n/a	S201
1326.9580000000	n/a	n/a	FB cue: Pic Win	n/a	n/a	S 53
1329.0100000000	n/a	n/a	FB type: CHAIR (win)	n/a	n/a	S107
1331.1100000000	n/a	n/a	CUE: A - win point	n/a	n/a	S  1
1332.8720000000	n/a	n/a	Right Button	n/a	n/a	S 20
1332.9220000000	n/a	n/a	Response Accurate	n/a	n/a	S201
1333.8120000000	n/a	n/a	FB cue: Point Lose	n/a	n/a	S 52
1335.7140000000	n/a	n/a	FB type: NULL BAR (lose)	n/a	n/a	S102
1338.0320000000	n/a	n/a	CUE: A - win point	n/a	n/a	S  1
1342.1800000000	n/a	n/a	Right Button	n/a	n/a	S 20
1342.2300000000	n/a	n/a	Response Accurate	n/a	n/a	S201
1342.9360000000	n/a	n/a	FB cue: Point Lose	n/a	n/a	S 52
1344.6540000000	n/a	n/a	FB type: NULL BAR (lose)	n/a	n/a	S102
1346.7060000000	n/a	n/a	CUE: A - win point	n/a	n/a	S  1
1351.0280000000	n/a	n/a	Left Button	n/a	n/a	S 10
1351.0780000000	n/a	n/a	Response Inaccurate	n/a	n/a	S200
1352.0100000000	n/a	n/a	FB cue: Point Lose	n/a	n/a	S 52
1353.9440000000	n/a	n/a	FB type: NULL BAR (lose)	n/a	n/a	S102
1356.3300000000	n/a	n/a	CUE: A - win point	n/a	n/a	S  1
1357.4040000000	n/a	n/a	Right Button	n/a	n/a	S 20
1357.4540000000	n/a	n/a	Response Accurate	n/a	n/a	S201
1358.3480000000	n/a	n/a	FB cue: Point Lose	n/a	n/a	S 52
1360.2500000000	n/a	n/a	FB type: NULL BAR (lose)	n/a	n/a	S102
1362.4840000000	n/a	n/a	CUE: B - avoid point loss	n/a	n/a	S  2
1364.3160000000	n/a	n/a	Right Button	n/a	n/a	S 20
1364.3660000000	n/a	n/a	Response Accurate	n/a	n/a	S201
1365.0700000000	n/a	n/a	FB cue: Point Win	n/a	n/a	S 51
1366.7720000000	n/a	n/a	FB type: NULL BAR (win)	n/a	n/a	S103
1369.0060000000	n/a	n/a	CUE: C - win picture	n/a	n/a	S  3
1370.2680000000	n/a	n/a	Right Button	n/a	n/a	S 20
1370.3180000000	n/a	n/a	Response Accurate	n/a	n/a	S201
1371.0240000000	n/a	n/a	FB cue: Pic Win	n/a	n/a	S 53
1372.7420000000	n/a	n/a	FB type: PUPPY (win)	n/a	n/a	S105
1375.2780000000	n/a	n/a	CUE: A - win point	n/a	n/a	S  1
1377.6760000000	n/a	n/a	Right Button	n/a	n/a	S 20
1377.7260000000	n/a	n/a	Response Accurate	n/a	n/a	S201
1378.7140000000	n/a	n/a	FB cue: Point Lose	n/a	n/a	S 52
1380.6980000000	n/a	n/a	FB type: NULL BAR (lose)	n/a	n/a	S102
1382.9500000000	n/a	n/a	CUE: A - win point	n/a	n/a	S  1
1386.4260000000	n/a	n/a	Right Button	n/a	n/a	S 20
1386.4780000000	n/a	n/a	Response Accurate	n/a	n/a	S201
1387.0860000000	n/a	n/a	FB cue: Point Lose	n/a	n/a	S 52
1388.7040000000	n/a	n/a	FB type: NULL BAR (lose)	n/a	n/a	S102
1390.7740000000	n/a	n/a	CUE: C - win picture	n/a	n/a	S  3
1391.5220000000	n/a	n/a	Right Button	n/a	n/a	S 20
1391.5740000000	n/a	n/a	Response Inaccurate	n/a	n/a	S200
1392.3580000000	n/a	n/a	FB cue: Pic Lose	n/a	n/a	S 54
1394.1420000000	n/a	n/a	FB type: CHAIR (lose)	n/a	n/a	S106
1396.1600000000	n/a	n/a	CUE: C - win picture	n/a	n/a	S  3
1397.6420000000	n/a	n/a	Left Button	n/a	n/a	S 10
1397.6920000000	n/a	n/a	Response Accurate	n/a	n/a	S201
1398.6120000000	n/a	n/a	FB cue: Pic Lose	n/a	n/a	S 54
1400.5300000000	n/a	n/a	FB type: CHAIR (lose)	n/a	n/a	S106
1403.0160000000	n/a	n/a	CUE: C - win picture	n/a	n/a	S  3
1404.7780000000	n/a	n/a	Right Button	n/a	n/a	S 20
1404.8280000000	n/a	n/a	Response Accurate	n/a	n/a	S201
1405.4500000000	n/a	n/a	FB cue: Pic Win	n/a	n/a	S 53
1407.0680000000	n/a	n/a	FB type: PUPPY (win)	n/a	n/a	S105
1409.5380000000	n/a	n/a	CUE: C - win picture	n/a	n/a	S  3
1410.7420000000	n/a	n/a	Right Button	n/a	n/a	S 20
1410.7920000000	n/a	n/a	Response Inaccurate	n/a	n/a	S200
1411.4060000000	n/a	n/a	FB cue: Pic Lose	n/a	n/a	S 54
1413.0240000000	n/a	n/a	FB type: CHAIR (lose)	n/a	n/a	S106
1415.0580000000	n/a	n/a	CUE: B - avoid point loss	n/a	n/a	S  2
1417.4700000000	n/a	n/a	Left Button	n/a	n/a	S 10
1417.5200000000	n/a	n/a	Response Accurate	n/a	n/a	S201
1418.2100000000	n/a	n/a	FB cue: Point Lose	n/a	n/a	S 52
1419.9120000000	n/a	n/a	FB type: POINT (lose)	n/a	n/a	S104
1422.4800000000	n/a	n/a	CUE: C - win picture	n/a	n/a	S  3
1424.3500000000	n/a	n/a	Right Button	n/a	n/a	S 20
1424.4000000000	n/a	n/a	Response Accurate	n/a	n/a	S201
1425.3660000000	n/a	n/a	FB cue: Pic Win	n/a	n/a	S 53
1427.3340000000	n/a	n/a	FB type: PUPPY (win)	n/a	n/a	S105
1429.5020000000	n/a	n/a	CUE: C - win picture	n/a	n/a	S  3
1431.4700000000	n/a	n/a	Left Button	n/a	n/a	S 10
1431.5200000000	n/a	n/a	Response Accurate	n/a	n/a	S201
1432.1720000000	n/a	n/a	FB cue: Pic Lose	n/a	n/a	S 54
1433.8220000000	n/a	n/a	FB type: CHAIR (lose)	n/a	n/a	S106
1436.2740000000	n/a	n/a	CUE: A - win point	n/a	n/a	S  1
1438.4220000000	n/a	n/a	Right Button	n/a	n/a	S 20
1438.4720000000	n/a	n/a	Response Accurate	n/a	n/a	S201
1439.3260000000	n/a	n/a	FB cue: Point Lose	n/a	n/a	S 52
1441.1780000000	n/a	n/a	FB type: NULL BAR (lose)	n/a	n/a	S102
1443.7140000000	n/a	n/a	CUE: B - avoid point loss	n/a	n/a	S  2
1447.5540000000	n/a	n/a	Left Button	n/a	n/a	S 10
1447.6040000000	n/a	n/a	Response Accurate	n/a	n/a	S201
1448.3340000000	n/a	n/a	FB cue: Point Lose	n/a	n/a	S 52
1450.0680000000	n/a	n/a	FB type: POINT (lose)	n/a	n/a	S104
1452.1860000000	n/a	n/a	CUE: B - avoid point loss	n/a	n/a	S  2
1454.2340000000	n/a	n/a	Right Button	n/a	n/a	S 20
1454.2840000000	n/a	n/a	Response Accurate	n/a	n/a	S201
1455.2400000000	n/a	n/a	FB cue: Point Win	n/a	n/a	S 51
1457.1900000000	n/a	n/a	FB type: NULL BAR (win)	n/a	n/a	S103
1459.5420000000	n/a	n/a	CUE: C - win picture	n/a	n/a	S  3
1460.3940000000	n/a	n/a	Right Button	n/a	n/a	S 20
1460.4440000000	n/a	n/a	Response Inaccurate	n/a	n/a	S200
1461.4940000000	n/a	n/a	FB cue: Pic Lose	n/a	n/a	S 54
1463.5620000000	n/a	n/a	FB type: CHAIR (lose)	n/a	n/a	S106
1465.3960000000	n/a	n/a	CUE: C - win picture	n/a	n/a	S  3
1467.2140000000	n/a	n/a	Right Button	n/a	n/a	S 20
1467.2640000000	n/a	n/a	Response Accurate	n/a	n/a	S201
1467.8480000000	n/a	n/a	FB cue: Pic Win	n/a	n/a	S 53
1469.4340000000	n/a	n/a	FB type: PUPPY (win)	n/a	n/a	S105
1471.4340000000	n/a	n/a	CUE: C - win picture	n/a	n/a	S  3
1472.3780000000	n/a	n/a	Left Button	n/a	n/a	S 10
1472.4280000000	n/a	n/a	Response Inaccurate	n/a	n/a	S200
1473.0360000000	n/a	n/a	FB cue: Pic Win	n/a	n/a	S 53
1474.6540000000	n/a	n/a	FB type: PUPPY (win)	n/a	n/a	S105
1476.6220000000	n/a	n/a	CUE: A - win point	n/a	n/a	S  1
1480.2860000000	n/a	n/a	Left Button	n/a	n/a	S 10
1480.3360000000	n/a	n/a	Response Accurate	n/a	n/a	S201
1481.0920000000	n/a	n/a	FB cue: Point Win	n/a	n/a	S 51
1482.8760000000	n/a	n/a	FB type: POINT (win)	n/a	n/a	S101
1484.8620000000	n/a	n/a	CUE: A - win point	n/a	n/a	S  1
1486.1660000000	n/a	n/a	Right Button	n/a	n/a	S 20
1486.2160000000	n/a	n/a	Response Accurate	n/a	n/a	S201
1487.1140000000	n/a	n/a	FB cue: Point Lose	n/a	n/a	S 52
1489.0160000000	n/a	n/a	FB type: NULL BAR (lose)	n/a	n/a	S102
1491.5500000000	n/a	n/a	CUE: D - avoid picture loss	n/a	n/a	S  4
1494.8220000000	n/a	n/a	Left Button	n/a	n/a	S 10
1494.8720000000	n/a	n/a	Response Accurate	n/a	n/a	S201
1495.8540000000	n/a	n/a	FB cue: Pic Win	n/a	n/a	S 53
1497.8380000000	n/a	n/a	FB type: CHAIR (win)	n/a	n/a	S107
1500.2740000000	n/a	n/a	CUE: B - avoid point loss	n/a	n/a	S  2
1501.8820000000	n/a	n/a	Right Button	n/a	n/a	S 20
1501.9320000000	n/a	n/a	Response Accurate	n/a	n/a	S201
1502.8080000000	n/a	n/a	FB cue: Point Win	n/a	n/a	S 51
1504.6940000000	n/a	n/a	FB type: NULL BAR (win)	n/a	n/a	S103
1506.5780000000	n/a	n/a	CUE: D - avoid picture loss	n/a	n/a	S  4
1507.4300000000	n/a	n/a	Left Button	n/a	n/a	S 10
1507.4800000000	n/a	n/a	Response Accurate	n/a	n/a	S201
1508.1800000000	n/a	n/a	FB cue: Pic Win	n/a	n/a	S 53
1509.8820000000	n/a	n/a	FB type: CHAIR (win)	n/a	n/a	S107
1512.3500000000	n/a	n/a	CUE: A - win point	n/a	n/a	S  1
1515.7060000000	n/a	n/a	Left Button	n/a	n/a	S 10
1515.7560000000	n/a	n/a	Response Inaccurate	n/a	n/a	S200
1516.4700000000	n/a	n/a	FB cue: Point Lose	n/a	n/a	S 52
1518.1880000000	n/a	n/a	FB type: NULL BAR (lose)	n/a	n/a	S102
1520.3400000000	n/a	n/a	CUE: B - avoid point loss	n/a	n/a	S  2
1523.2100000000	n/a	n/a	Right Button	n/a	n/a	S 20
1523.2600000000	n/a	n/a	Response Inaccurate	n/a	n/a	S200
1524.1080000000	n/a	n/a	FB cue: Point Lose	n/a	n/a	S 52
1525.9600000000	n/a	n/a	FB type: POINT (lose)	n/a	n/a	S104
1528.3620000000	n/a	n/a	CUE: C - win picture	n/a	n/a	S  3
1529.8780000000	n/a	n/a	Right Button	n/a	n/a	S 20
1529.9280000000	n/a	n/a	Response Accurate	n/a	n/a	S201
1530.6140000000	n/a	n/a	FB cue: Pic Win	n/a	n/a	S 53
1532.2980000000	n/a	n/a	FB type: PUPPY (win)	n/a	n/a	S105
1534.2840000000	n/a	n/a	CUE: A - win point	n/a	n/a	S  1
1538.3260000000	n/a	n/a	Right Button	n/a	n/a	S 20
1538.3760000000	n/a	n/a	Response Accurate	n/a	n/a	S201
1538.9860000000	n/a	n/a	FB cue: Point Lose	n/a	n/a	S 52
1540.6040000000	n/a	n/a	FB type: NULL BAR (lose)	n/a	n/a	S102
1542.7400000000	n/a	n/a	CUE: C - win picture	n/a	n/a	S  3
1543.6980000000	n/a	n/a	Right Button	n/a	n/a	S 20
1543.7480000000	n/a	n/a	Response Accurate	n/a	n/a	S201
1544.7920000000	n/a	n/a	FB cue: Pic Win	n/a	n/a	S 53
1546.8420000000	n/a	n/a	FB type: PUPPY (win)	n/a	n/a	S105
1549.0440000000	n/a	n/a	CUE: D - avoid picture loss	n/a	n/a	S  4
1551.0540000000	n/a	n/a	Left Button	n/a	n/a	S 10
1551.1040000000	n/a	n/a	Response Accurate	n/a	n/a	S201
1551.9460000000	n/a	n/a	FB cue: Pic Win	n/a	n/a	S 53
1553.7980000000	n/a	n/a	FB type: CHAIR (win)	n/a	n/a	S107
1556.3000000000	n/a	n/a	CUE: C - win picture	n/a	n/a	S  3
1557.9540000000	n/a	n/a	Right Button	n/a	n/a	S 20
1558.0040000000	n/a	n/a	Response Inaccurate	n/a	n/a	S200
1558.8520000000	n/a	n/a	FB cue: Pic Lose	n/a	n/a	S 54
1560.7040000000	n/a	n/a	FB type: CHAIR (lose)	n/a	n/a	S106
1563.2220000000	n/a	n/a	CUE: B - avoid point loss	n/a	n/a	S  2
1566.0420000000	n/a	n/a	Left Button	n/a	n/a	S 10
1566.0920000000	n/a	n/a	Response Accurate	n/a	n/a	S201
1567.1080000000	n/a	n/a	FB cue: Point Lose	n/a	n/a	S 52
1569.1440000000	n/a	n/a	FB type: POINT (lose)	n/a	n/a	S104
1571.2440000000	n/a	n/a	CUE: C - win picture	n/a	n/a	S  3
1572.0600000000	n/a	n/a	Right Button	n/a	n/a	S 20
1572.1120000000	n/a	n/a	Response Accurate	n/a	n/a	S201
1573.0120000000	n/a	n/a	FB cue: Pic Win	n/a	n/a	S 53
1574.9140000000	n/a	n/a	FB type: PUPPY (win)	n/a	n/a	S105
1577.2320000000	n/a	n/a	CUE: B - avoid point loss	n/a	n/a	S  2
1578.8360000000	n/a	n/a	Right Button	n/a	n/a	S 20
1578.8880000000	n/a	n/a	Response Accurate	n/a	n/a	S201
1579.9180000000	n/a	n/a	FB cue: Point Win	n/a	n/a	S 51
1581.9540000000	n/a	n/a	FB type: NULL BAR (win)	n/a	n/a	S103
1584.0720000000	n/a	n/a	CUE: A - win point	n/a	n/a	S  1
1587.7600000000	n/a	n/a	Left Button	n/a	n/a	S 10
1587.8100000000	n/a	n/a	Response Accurate	n/a	n/a	S201
1588.5240000000	n/a	n/a	FB cue: Point Win	n/a	n/a	S 51
1590.2420000000	n/a	n/a	FB type: POINT (win)	n/a	n/a	S101
1592.1280000000	n/a	n/a	CUE: B - avoid point loss	n/a	n/a	S  2
1594.4080000000	n/a	n/a	Right Button	n/a	n/a	S 20
1594.4580000000	n/a	n/a	Response Inaccurate	n/a	n/a	S200
1595.1640000000	n/a	n/a	FB cue: Point Lose	n/a	n/a	S 52
1596.8640000000	n/a	n/a	FB type: POINT (lose)	n/a	n/a	S104
1598.8160000000	n/a	n/a	CUE: B - avoid point loss	n/a	n/a	S  2
1601.3360000000	n/a	n/a	Left Button	n/a	n/a	S 10
1601.3860000000	n/a	n/a	Response Accurate	n/a	n/a	S201
1602.1180000000	n/a	n/a	FB cue: Point Lose	n/a	n/a	S 52
1603.8540000000	n/a	n/a	FB type: POINT (lose)	n/a	n/a	S104
1606.2880000000	n/a	n/a	CUE: A - win point	n/a	n/a	S  1
1608.3120000000	n/a	n/a	Right Button	n/a	n/a	S 20
1608.3620000000	n/a	n/a	Response Inaccurate	n/a	n/a	S200
1608.9900000000	n/a	n/a	FB cue: Point Win	n/a	n/a	S 51
1610.6240000000	n/a	n/a	FB type: POINT (win)	n/a	n/a	S101
1613.0260000000	n/a	n/a	CUE: B - avoid point loss	n/a	n/a	S  2
1618.0000000000	n/a	n/a	Left Button	n/a	n/a	S 10
1618.0500000000	n/a	n/a	Response Accurate	n/a	n/a	S201
1618.9480000000	n/a	n/a	FB cue: Point Lose	n/a	n/a	S 52
1620.8500000000	n/a	n/a	FB type: POINT (lose)	n/a	n/a	S104
1623.1180000000	n/a	n/a	CUE: B - avoid point loss	n/a	n/a	S  2
1626.4160000000	n/a	n/a	Right Button	n/a	n/a	S 20
1626.4660000000	n/a	n/a	Response Accurate	n/a	n/a	S201
1627.1700000000	n/a	n/a	FB cue: Point Win	n/a	n/a	S 51
1628.8720000000	n/a	n/a	FB type: NULL BAR (win)	n/a	n/a	S103
1631.4400000000	n/a	n/a	CUE: B - avoid point loss	n/a	n/a	S  2
1635.7960000000	n/a	n/a	Right Button	n/a	n/a	S 20
1635.8460000000	n/a	n/a	Response Inaccurate	n/a	n/a	S200
1636.6280000000	n/a	n/a	FB cue: Point Lose	n/a	n/a	S 52
1638.4120000000	n/a	n/a	FB type: POINT (lose)	n/a	n/a	S104
1640.5140000000	n/a	n/a	CUE: C - win picture	n/a	n/a	S  3
1641.8360000000	n/a	n/a	Right Button	n/a	n/a	S 20
1641.8860000000	n/a	n/a	Response Inaccurate	n/a	n/a	S200
1642.5820000000	n/a	n/a	FB cue: Pic Lose	n/a	n/a	S 54
1644.2840000000	n/a	n/a	FB type: CHAIR (lose)	n/a	n/a	S106
1646.4020000000	n/a	n/a	CUE: D - avoid picture loss	n/a	n/a	S  4
1648.4680000000	n/a	n/a	Left Button	n/a	n/a	S 10
1648.5180000000	n/a	n/a	Response Accurate	n/a	n/a	S201
1649.5380000000	n/a	n/a	FB cue: Pic Win	n/a	n/a	S 53
1651.5560000000	n/a	n/a	FB type: CHAIR (win)	n/a	n/a	S107
1653.5580000000	n/a	n/a	CUE: C - win picture	n/a	n/a	S  3
1658.8240000000	n/a	n/a	Right Button	n/a	n/a	S 20
1658.8740000000	n/a	n/a	Response Accurate	n/a	n/a	S201
1659.6460000000	n/a	n/a	FB cue: Pic Win	n/a	n/a	S 53
1661.4140000000	n/a	n/a	FB type: PUPPY (win)	n/a	n/a	S105
1663.4320000000	n/a	n/a	CUE: D - avoid picture loss	n/a	n/a	S  4
1664.5960000000	n/a	n/a	Left Button	n/a	n/a	S 10
1664.6460000000	n/a	n/a	Response Accurate	n/a	n/a	S201
1665.4840000000	n/a	n/a	FB cue: Pic Win	n/a	n/a	S 53
1667.3180000000	n/a	n/a	FB type: CHAIR (win)	n/a	n/a	S107
1669.6040000000	n/a	n/a	CUE: C - win picture	n/a	n/a	S  3
1672.6240000000	n/a	n/a	Right Button	n/a	n/a	S 20
1672.6740000000	n/a	n/a	Response Accurate	n/a	n/a	S201
1673.7240000000	n/a	n/a	FB cue: Pic Win	n/a	n/a	S 53
1675.7740000000	n/a	n/a	FB type: PUPPY (win)	n/a	n/a	S105
1678.2600000000	n/a	n/a	CUE: B - avoid point loss	n/a	n/a	S  2
1683.1440000000	n/a	n/a	Left Button	n/a	n/a	S 10
1683.1940000000	n/a	n/a	Response Inaccurate	n/a	n/a	S200
1684.0320000000	n/a	n/a	FB cue: Point Win	n/a	n/a	S 51
1685.8660000000	n/a	n/a	FB type: NULL BAR (win)	n/a	n/a	S103
1687.7000000000	n/a	n/a	CUE: B - avoid point loss	n/a	n/a	S  2
1693.1720000000	n/a	n/a	Right Button	n/a	n/a	S 20
1693.2220000000	n/a	n/a	Response Inaccurate	n/a	n/a	S200
1694.2720000000	n/a	n/a	FB cue: Point Lose	n/a	n/a	S 52
1696.3240000000	n/a	n/a	FB type: POINT (lose)	n/a	n/a	S104
1698.2580000000	n/a	n/a	CUE: D - avoid picture loss	n/a	n/a	S  4
1699.0480000000	n/a	n/a	Left Button	n/a	n/a	S 10
1699.0980000000	n/a	n/a	Response Accurate	n/a	n/a	S201
1699.9600000000	n/a	n/a	FB cue: Pic Win	n/a	n/a	S 53
1701.8280000000	n/a	n/a	FB type: CHAIR (win)	n/a	n/a	S107
1704.0140000000	n/a	n/a	CUE: D - avoid picture loss	n/a	n/a	S  4
1705.4880000000	n/a	n/a	Left Button	n/a	n/a	S 10
1705.5380000000	n/a	n/a	Response Accurate	n/a	n/a	S201
1706.5660000000	n/a	n/a	FB cue: Pic Win	n/a	n/a	S 53
1708.6000000000	n/a	n/a	FB type: CHAIR (win)	n/a	n/a	S107
1710.4520000000	n/a	n/a	CUE: C - win picture	n/a	n/a	S  3
1711.8280000000	n/a	n/a	Right Button	n/a	n/a	S 20
1711.8780000000	n/a	n/a	Response Accurate	n/a	n/a	S201
1712.9040000000	n/a	n/a	FB cue: Pic Win	n/a	n/a	S 53
1714.9380000000	n/a	n/a	FB type: PUPPY (win)	n/a	n/a	S105
1716.8560000000	n/a	n/a	CUE: C - win picture	n/a	n/a	S  3
1719.0120000000	n/a	n/a	Left Button	n/a	n/a	S 10
1719.0620000000	n/a	n/a	Response Inaccurate	n/a	n/a	S200
1719.7260000000	n/a	n/a	FB cue: Pic Win	n/a	n/a	S 53
1721.3940000000	n/a	n/a	FB type: PUPPY (win)	n/a	n/a	S105
1723.4440000000	n/a	n/a	CUE: B - avoid point loss	n/a	n/a	S  2
1727.6880000000	n/a	n/a	Right Button	n/a	n/a	S 20
1727.7380000000	n/a	n/a	Response Inaccurate	n/a	n/a	S200
1728.6980000000	n/a	n/a	FB cue: Point Lose	n/a	n/a	S 52
1730.6840000000	n/a	n/a	FB type: POINT (lose)	n/a	n/a	S104
1733.0020000000	n/a	n/a	CUE: D - avoid picture loss	n/a	n/a	S  4
1733.7240000000	n/a	n/a	Left Button	n/a	n/a	S 10
1733.7740000000	n/a	n/a	Response Accurate	n/a	n/a	S201
1734.8200000000	n/a	n/a	FB cue: Pic Win	n/a	n/a	S 53
1736.8720000000	n/a	n/a	FB type: CHAIR (win)	n/a	n/a	S107
1739.3080000000	n/a	n/a	CUE: D - avoid picture loss	n/a	n/a	S  4
1740.0200000000	n/a	n/a	Left Button	n/a	n/a	S 10
1740.0700000000	n/a	n/a	Response Inaccurate	n/a	n/a	S200
1741.0920000000	n/a	n/a	FB cue: Pic Lose	n/a	n/a	S 54
1743.1100000000	n/a	n/a	FB type: NEG PIC (lose)	n/a	n/a	S108
1745.4960000000	n/a	n/a	CUE: A - win point	n/a	n/a	S  1
1748.7380000000	n/a	n/a	Left Button	n/a	n/a	S 10
1748.7900000000	n/a	n/a	Response Accurate	n/a	n/a	S201
1749.6140000000	n/a	n/a	FB cue: Point Win	n/a	n/a	S 51
1751.4500000000	n/a	n/a	FB type: POINT (win)	n/a	n/a	S101
1753.4180000000	n/a	n/a	CUE: B - avoid point loss	n/a	n/a	S  2
1755.2380000000	n/a	n/a	Left Button	n/a	n/a	S 10
1755.2900000000	n/a	n/a	Response Accurate	n/a	n/a	S201
1755.9540000000	n/a	n/a	FB cue: Point Lose	n/a	n/a	S 52
1757.6220000000	n/a	n/a	FB type: POINT (lose)	n/a	n/a	S104
1759.5900000000	n/a	n/a	CUE: D - avoid picture loss	n/a	n/a	S  4
1760.2460000000	n/a	n/a	Left Button	n/a	n/a	S 10
1760.2960000000	n/a	n/a	Response Inaccurate	n/a	n/a	S200
1761.1740000000	n/a	n/a	FB cue: Pic Lose	n/a	n/a	S 54
1763.0580000000	n/a	n/a	FB type: NEG PIC (lose)	n/a	n/a	S108
1765.5280000000	n/a	n/a	CUE: B - avoid point loss	n/a	n/a	S  2
1766.8660000000	n/a	n/a	Right Button	n/a	n/a	S 20
1766.9160000000	n/a	n/a	Response Inaccurate	n/a	n/a	S200
1767.8120000000	n/a	n/a	FB cue: Point Lose	n/a	n/a	S 52
1769.7140000000	n/a	n/a	FB type: POINT (lose)	n/a	n/a	S104
1771.7320000000	n/a	n/a	CUE: C - win picture	n/a	n/a	S  3
1772.7420000000	n/a	n/a	Right Button	n/a	n/a	S 20
1772.7920000000	n/a	n/a	Response Accurate	n/a	n/a	S201
1773.5500000000	n/a	n/a	FB cue: Pic Win	n/a	n/a	S 53
1775.3180000000	n/a	n/a	FB type: PUPPY (win)	n/a	n/a	S105
1777.6540000000	n/a	n/a	CUE: D - avoid picture loss	n/a	n/a	S  4
1778.4780000000	n/a	n/a	Left Button	n/a	n/a	S 10
1778.5280000000	n/a	n/a	Response Accurate	n/a	n/a	S201
1779.4720000000	n/a	n/a	FB cue: Pic Win	n/a	n/a	S 53
1781.4220000000	n/a	n/a	FB type: CHAIR (win)	n/a	n/a	S107
1783.8420000000	n/a	n/a	CUE: B - avoid point loss	n/a	n/a	S  2
1787.4260000000	n/a	n/a	Left Button	n/a	n/a	S 10
1787.4760000000	n/a	n/a	Response Inaccurate	n/a	n/a	S200
1788.3280000000	n/a	n/a	FB cue: Point Win	n/a	n/a	S 51
1790.1800000000	n/a	n/a	FB type: NULL BAR (win)	n/a	n/a	S103
1792.2140000000	n/a	n/a	CUE: B - avoid point loss	n/a	n/a	S  2
1795.1380000000	n/a	n/a	Left Button	n/a	n/a	S 10
1795.1880000000	n/a	n/a	Response Accurate	n/a	n/a	S201
1795.8340000000	n/a	n/a	FB cue: Point Lose	n/a	n/a	S 52
1797.4840000000	n/a	n/a	FB type: POINT (lose)	n/a	n/a	S104
1799.9040000000	n/a	n/a	CUE: B - avoid point loss	n/a	n/a	S  2
1801.3940000000	n/a	n/a	Left Button	n/a	n/a	S 10
1801.4440000000	n/a	n/a	Response Accurate	n/a	n/a	S201
1802.3880000000	n/a	n/a	FB cue: Point Lose	n/a	n/a	S 52
1804.3400000000	n/a	n/a	FB type: POINT (lose)	n/a	n/a	S104
1806.6420000000	n/a	n/a	CUE: B - avoid point loss	n/a	n/a	S  2
1807.7140000000	n/a	n/a	Right Button	n/a	n/a	S 20
1807.7640000000	n/a	n/a	Response Accurate	n/a	n/a	S201
1808.4940000000	n/a	n/a	FB cue: Point Win	n/a	n/a	S 51
1810.2280000000	n/a	n/a	FB type: NULL BAR (win)	n/a	n/a	S103
1812.6300000000	n/a	n/a	CUE: C - win picture	n/a	n/a	S  3
1813.9580000000	n/a	n/a	Right Button	n/a	n/a	S 20
1814.0080000000	n/a	n/a	Response Accurate	n/a	n/a	S201
1814.9660000000	n/a	n/a	FB cue: Pic Win	n/a	n/a	S 53
1816.9340000000	n/a	n/a	FB type: PUPPY (win)	n/a	n/a	S105
1819.2180000000	n/a	n/a	CUE: A - win point	n/a	n/a	S  1
1822.4220000000	n/a	n/a	Right Button	n/a	n/a	S 20
1822.4720000000	n/a	n/a	Response Accurate	n/a	n/a	S201
1823.1720000000	n/a	n/a	FB cue: Point Lose	n/a	n/a	S 52
1824.8720000000	n/a	n/a	FB type: NULL BAR (lose)	n/a	n/a	S102
1827.2240000000	n/a	n/a	CUE: C - win picture	n/a	n/a	S  3
1827.9380000000	n/a	n/a	Right Button	n/a	n/a	S 20
1827.9880000000	n/a	n/a	Response Accurate	n/a	n/a	S201
1829.0260000000	n/a	n/a	FB cue: Pic Win	n/a	n/a	S 53
1831.0600000000	n/a	n/a	FB type: PUPPY (win)	n/a	n/a	S105
1833.0460000000	n/a	n/a	CUE: A - win point	n/a	n/a	S  1
1834.4460000000	n/a	n/a	Left Button	n/a	n/a	S 10
1834.4960000000	n/a	n/a	Response Accurate	n/a	n/a	S201
1835.4800000000	n/a	n/a	FB cue: Point Win	n/a	n/a	S 51
1837.4660000000	n/a	n/a	FB type: POINT (win)	n/a	n/a	S101
1839.5340000000	n/a	n/a	CUE: A - win point	n/a	n/a	S  1
1841.8940000000	n/a	n/a	Left Button	n/a	n/a	S 10
1841.9440000000	n/a	n/a	Response Accurate	n/a	n/a	S201
1842.9540000000	n/a	n/a	FB cue: Point Win	n/a	n/a	S 51
1844.9720000000	n/a	n/a	FB type: POINT (win)	n/a	n/a	S101
1847.4900000000	n/a	n/a	CUE: A - win point	n/a	n/a	S  1
1849.6900000000	n/a	n/a	Left Button	n/a	n/a	S 10
1849.7400000000	n/a	n/a	Response Inaccurate	n/a	n/a	S200
1850.4760000000	n/a	n/a	FB cue: Point Lose	n/a	n/a	S 52
1852.2100000000	n/a	n/a	FB type: NULL BAR (lose)	n/a	n/a	S102
1854.7780000000	n/a	n/a	CUE: B - avoid point loss	n/a	n/a	S  2
1862.7980000000	n/a	n/a	Right Button	n/a	n/a	S 20
1862.8480000000	n/a	n/a	Response Accurate	n/a	n/a	S201
1863.7020000000	n/a	n/a	FB cue: Point Win	n/a	n/a	S 51
1865.5540000000	n/a	n/a	FB type: NULL BAR (win)	n/a	n/a	S103
1867.8720000000	n/a	n/a	CUE: C - win picture	n/a	n/a	S  3
1873.2700000000	n/a	n/a	Right Button	n/a	n/a	S 20
1873.3200000000	n/a	n/a	Response Inaccurate	n/a	n/a	S200
1874.3600000000	n/a	n/a	FB cue: Pic Lose	n/a	n/a	S 54
1876.4120000000	n/a	n/a	FB type: CHAIR (lose)	n/a	n/a	S106
1878.5140000000	n/a	n/a	CUE: C - win picture	n/a	n/a	S  3
1880.0380000000	n/a	n/a	Right Button	n/a	n/a	S 20
1880.0880000000	n/a	n/a	Response Accurate	n/a	n/a	S201
1880.8660000000	n/a	n/a	FB cue: Pic Win	n/a	n/a	S 53
1882.6500000000	n/a	n/a	FB type: PUPPY (win)	n/a	n/a	S105
1884.9020000000	n/a	n/a	CUE: D - avoid picture loss	n/a	n/a	S  4
1887.1860000000	n/a	n/a	Left Button	n/a	n/a	S 10
1887.2360000000	n/a	n/a	Response Inaccurate	n/a	n/a	S200
1887.9880000000	n/a	n/a	FB cue: Pic Lose	n/a	n/a	S 54
1889.7380000000	n/a	n/a	FB type: NEG PIC (lose)	n/a	n/a	S108
1892.2080000000	n/a	n/a	CUE: B - avoid point loss	n/a	n/a	S  2
1895.2780000000	n/a	n/a	Left Button	n/a	n/a	S 10
1895.3280000000	n/a	n/a	Response Accurate	n/a	n/a	S201
1895.9440000000	n/a	n/a	FB cue: Point Lose	n/a	n/a	S 52
1897.5780000000	n/a	n/a	FB type: POINT (lose)	n/a	n/a	S104
1899.4140000000	n/a	n/a	CUE: D - avoid picture loss	n/a	n/a	S  4
1900.0940000000	n/a	n/a	Left Button	n/a	n/a	S 10
1900.1440000000	n/a	n/a	Response Inaccurate	n/a	n/a	S200
1900.8800000000	n/a	n/a	FB cue: Pic Lose	n/a	n/a	S 54
1902.6160000000	n/a	n/a	FB type: NEG PIC (lose)	n/a	n/a	S108
1904.7840000000	n/a	n/a	CUE: A - win point	n/a	n/a	S  1
1907.3900000000	n/a	n/a	Right Button	n/a	n/a	S 20
1907.4400000000	n/a	n/a	Response Inaccurate	n/a	n/a	S200
1908.2860000000	n/a	n/a	FB cue: Point Win	n/a	n/a	S 51
1910.1380000000	n/a	n/a	FB type: POINT (win)	n/a	n/a	S101
1912.3060000000	n/a	n/a	CUE: C - win picture	n/a	n/a	S  3
1913.3700000000	n/a	n/a	Right Button	n/a	n/a	S 20
1913.4200000000	n/a	n/a	Response Inaccurate	n/a	n/a	S200
1914.3080000000	n/a	n/a	FB cue: Pic Lose	n/a	n/a	S 54
1916.1920000000	n/a	n/a	FB type: CHAIR (lose)	n/a	n/a	S106
1918.6620000000	n/a	n/a	CUE: D - avoid picture loss	n/a	n/a	S  4
1919.4140000000	n/a	n/a	Left Button	n/a	n/a	S 10
1919.4640000000	n/a	n/a	Response Accurate	n/a	n/a	S201
1920.2620000000	n/a	n/a	FB cue: Pic Win	n/a	n/a	S 53
1922.0640000000	n/a	n/a	FB type: CHAIR (win)	n/a	n/a	S107
1924.1660000000	n/a	n/a	CUE: C - win picture	n/a	n/a	S  3
1925.1940000000	n/a	n/a	Right Button	n/a	n/a	S 20
1925.2440000000	n/a	n/a	Response Accurate	n/a	n/a	S201
1926.2160000000	n/a	n/a	FB cue: Pic Win	n/a	n/a	S 53
1928.2020000000	n/a	n/a	FB type: PUPPY (win)	n/a	n/a	S105
1930.6540000000	n/a	n/a	CUE: D - avoid picture loss	n/a	n/a	S  4
1931.5580000000	n/a	n/a	Left Button	n/a	n/a	S 10
1931.6080000000	n/a	n/a	Response Inaccurate	n/a	n/a	S200
1932.2540000000	n/a	n/a	FB cue: Pic Lose	n/a	n/a	S 54
1933.9060000000	n/a	n/a	FB type: NEG PIC (lose)	n/a	n/a	S108
1936.0580000000	n/a	n/a	CUE: D - avoid picture loss	n/a	n/a	S  4
1936.8800000000	n/a	n/a	Left Button	n/a	n/a	S 10
1936.9320000000	n/a	n/a	Response Inaccurate	n/a	n/a	S200
1937.8600000000	n/a	n/a	FB cue: Pic Lose	n/a	n/a	S 54
1939.7940000000	n/a	n/a	FB type: NEG PIC (lose)	n/a	n/a	S108
1941.8960000000	n/a	n/a	CUE: B - avoid point loss	n/a	n/a	S  2
1946.5160000000	n/a	n/a	Right Button	n/a	n/a	S 20
1946.5660000000	n/a	n/a	Response Accurate	n/a	n/a	S201
1947.5660000000	n/a	n/a	FB cue: Point Win	n/a	n/a	S 51
1949.5680000000	n/a	n/a	FB type: NULL BAR (win)	n/a	n/a	S103
1951.6200000000	n/a	n/a	CUE: A - win point	n/a	n/a	S  1
1955.3000000000	n/a	n/a	Left Button	n/a	n/a	S 10
1955.3500000000	n/a	n/a	Response Accurate	n/a	n/a	S201
1956.1240000000	n/a	n/a	FB cue: Point Win	n/a	n/a	S 51
1957.8920000000	n/a	n/a	FB type: POINT (win)	n/a	n/a	S101
1960.2940000000	n/a	n/a	CUE: B - avoid point loss	n/a	n/a	S  2
1965.8400000000	n/a	n/a	Right Button	n/a	n/a	S 20
1965.8900000000	n/a	n/a	Response Accurate	n/a	n/a	S201
1966.5140000000	n/a	n/a	FB cue: Point Win	n/a	n/a	S 51
1968.1500000000	n/a	n/a	FB type: NULL BAR (win)	n/a	n/a	S103
1970.2180000000	n/a	n/a	CUE: B - avoid point loss	n/a	n/a	S  2
1971.7600000000	n/a	n/a	Left Button	n/a	n/a	S 10
1971.8100000000	n/a	n/a	Response Accurate	n/a	n/a	S201
1972.5360000000	n/a	n/a	FB cue: Point Lose	n/a	n/a	S 52
1974.2700000000	n/a	n/a	FB type: POINT (lose)	n/a	n/a	S104
1976.6060000000	n/a	n/a	CUE: B - avoid point loss	n/a	n/a	S  2
1978.4920000000	n/a	n/a	Right Button	n/a	n/a	S 20
1978.5420000000	n/a	n/a	Response Accurate	n/a	n/a	S201
1979.5740000000	n/a	n/a	FB cue: Point Win	n/a	n/a	S 51
1981.6100000000	n/a	n/a	FB type: NULL BAR (win)	n/a	n/a	S103
1983.4780000000	n/a	n/a	CUE: D - avoid picture loss	n/a	n/a	S  4
1984.4440000000	n/a	n/a	Left Button	n/a	n/a	S 10
1984.4940000000	n/a	n/a	Response Accurate	n/a	n/a	S201
1985.3960000000	n/a	n/a	FB cue: Pic Win	n/a	n/a	S 53
1987.2980000000	n/a	n/a	FB type: CHAIR (win)	n/a	n/a	S107
1989.6980000000	n/a	n/a	CUE: A - win point	n/a	n/a	S  1
1994.7360000000	n/a	n/a	Left Button	n/a	n/a	S 10
1994.7860000000	n/a	n/a	Response Accurate	n/a	n/a	S201
1995.5360000000	n/a	n/a	FB cue: Point Win	n/a	n/a	S 51
1997.3040000000	n/a	n/a	FB type: POINT (win)	n/a	n/a	S101
1999.6240000000	n/a	n/a	CUE: D - avoid picture loss	n/a	n/a	S  4
2000.4560000000	n/a	n/a	Left Button	n/a	n/a	S 10
2000.5060000000	n/a	n/a	Response Accurate	n/a	n/a	S201
2001.1580000000	n/a	n/a	FB cue: Pic Win	n/a	n/a	S 53
2002.8100000000	n/a	n/a	FB type: CHAIR (win)	n/a	n/a	S107
2005.0280000000	n/a	n/a	CUE: C - win picture	n/a	n/a	S  3
2005.9400000000	n/a	n/a	Right Button	n/a	n/a	S 20
2005.9900000000	n/a	n/a	Response Accurate	n/a	n/a	S201
2006.8960000000	n/a	n/a	FB cue: Pic Win	n/a	n/a	S 53
2008.7960000000	n/a	n/a	FB type: PUPPY (win)	n/a	n/a	S105
2010.6980000000	n/a	n/a	CUE: B - avoid point loss	n/a	n/a	S  2
2013.0240000000	n/a	n/a	Right Button	n/a	n/a	S 20
2013.0740000000	n/a	n/a	Response Accurate	n/a	n/a	S201
2013.9680000000	n/a	n/a	FB cue: Point Win	n/a	n/a	S 51
2015.8700000000	n/a	n/a	FB type: NULL BAR (win)	n/a	n/a	S103
2018.1700000000	n/a	n/a	CUE: C - win picture	n/a	n/a	S  3
2019.1960000000	n/a	n/a	Right Button	n/a	n/a	S 20
2019.2460000000	n/a	n/a	Response Inaccurate	n/a	n/a	S200
2020.3060000000	n/a	n/a	FB cue: Pic Lose	n/a	n/a	S 54
2022.3740000000	n/a	n/a	FB type: CHAIR (lose)	n/a	n/a	S106
2024.3420000000	n/a	n/a	CUE: A - win point	n/a	n/a	S  1
2026.2640000000	n/a	n/a	Left Button	n/a	n/a	S 10
2026.3140000000	n/a	n/a	Response Accurate	n/a	n/a	S201
2027.3120000000	n/a	n/a	FB cue: Point Win	n/a	n/a	S 51
2029.3120000000	n/a	n/a	FB type: POINT (win)	n/a	n/a	S101
2031.6980000000	n/a	n/a	CUE: C - win picture	n/a	n/a	S  3
2032.7400000000	n/a	n/a	Right Button	n/a	n/a	S 20
2032.7900000000	n/a	n/a	Response Accurate	n/a	n/a	S201
2033.8500000000	n/a	n/a	FB cue: Pic Win	n/a	n/a	S 53
2035.9180000000	n/a	n/a	FB type: PUPPY (win)	n/a	n/a	S105
2037.8360000000	n/a	n/a	CUE: D - avoid picture loss	n/a	n/a	S  4
2038.6320000000	n/a	n/a	Left Button	n/a	n/a	S 10
2038.6820000000	n/a	n/a	Response Inaccurate	n/a	n/a	S200
2039.3200000000	n/a	n/a	FB cue: Pic Lose	n/a	n/a	S 54
2040.9540000000	n/a	n/a	FB type: NEG PIC (lose)	n/a	n/a	S108
2043.0900000000	n/a	n/a	CUE: A - win point	n/a	n/a	S  1
2044.5760000000	n/a	n/a	Right Button	n/a	n/a	S 20
2044.6260000000	n/a	n/a	Response Accurate	n/a	n/a	S201
2045.5760000000	n/a	n/a	FB cue: Point Lose	n/a	n/a	S 52
2047.5260000000	n/a	n/a	FB type: NULL BAR (lose)	n/a	n/a	S102
2049.8620000000	n/a	n/a	CUE: C - win picture	n/a	n/a	S  3
2051.0240000000	n/a	n/a	Right Button	n/a	n/a	S 20
2051.0740000000	n/a	n/a	Response Accurate	n/a	n/a	S201
2051.9300000000	n/a	n/a	FB cue: Pic Win	n/a	n/a	S 53
2053.7980000000	n/a	n/a	FB type: PUPPY (win)	n/a	n/a	S105
2056.3160000000	n/a	n/a	CUE: C - win picture	n/a	n/a	S  3
2056.9600000000	n/a	n/a	Right Button	n/a	n/a	S 20
2057.0100000000	n/a	n/a	Response Accurate	n/a	n/a	S201
2057.9680000000	n/a	n/a	FB cue: Pic Win	n/a	n/a	S 53
2059.9360000000	n/a	n/a	FB type: PUPPY (win)	n/a	n/a	S105
2062.2540000000	n/a	n/a	CUE: D - avoid picture loss	n/a	n/a	S  4
2063.0480000000	n/a	n/a	Left Button	n/a	n/a	S 10
2063.0980000000	n/a	n/a	Response Accurate	n/a	n/a	S201
2063.7900000000	n/a	n/a	FB cue: Pic Win	n/a	n/a	S 53
2065.4900000000	n/a	n/a	FB type: CHAIR (win)	n/a	n/a	S107
2067.7080000000	n/a	n/a	CUE: C - win picture	n/a	n/a	S  3
2068.4320000000	n/a	n/a	Right Button	n/a	n/a	S 20
2068.4820000000	n/a	n/a	Response Accurate	n/a	n/a	S201
2069.3260000000	n/a	n/a	FB cue: Pic Win	n/a	n/a	S 53
2071.1780000000	n/a	n/a	FB type: PUPPY (win)	n/a	n/a	S105
2073.0960000000	n/a	n/a	CUE: A - win point	n/a	n/a	S  1
2074.4000000000	n/a	n/a	Left Button	n/a	n/a	S 10
2074.4500000000	n/a	n/a	Response Accurate	n/a	n/a	S201
2075.3320000000	n/a	n/a	FB cue: Point Win	n/a	n/a	S 51
2077.2160000000	n/a	n/a	FB type: POINT (win)	n/a	n/a	S101
2079.4840000000	n/a	n/a	CUE: D - avoid picture loss	n/a	n/a	S  4
2080.0800000000	n/a	n/a	Left Button	n/a	n/a	S 10
2080.1300000000	n/a	n/a	Response Accurate	n/a	n/a	S201
2080.8180000000	n/a	n/a	FB cue: Pic Win	n/a	n/a	S 53
2082.5360000000	n/a	n/a	FB type: CHAIR (win)	n/a	n/a	S107
2084.6720000000	n/a	n/a	CUE: A - win point	n/a	n/a	S  1
2085.2880000000	n/a	n/a	Left Button	n/a	n/a	S 10
2085.3380000000	n/a	n/a	Response Accurate	n/a	n/a	S201
2086.2220000000	n/a	n/a	FB cue: Point Win	n/a	n/a	S 51
2088.1080000000	n/a	n/a	FB type: POINT (win)	n/a	n/a	S101
2090.5420000000	n/a	n/a	CUE: D - avoid picture loss	n/a	n/a	S  4
2091.2160000000	n/a	n/a	Left Button	n/a	n/a	S 10
2091.2660000000	n/a	n/a	Response Inaccurate	n/a	n/a	S200
2092.2100000000	n/a	n/a	FB cue: Pic Lose	n/a	n/a	S 54
2094.1620000000	n/a	n/a	FB type: NEG PIC (lose)	n/a	n/a	S108
2126.8760000000	n/a	n/a	STATUS	n/a	n/a	S120
2129.6260000000	n/a	n/a	STATUS	n/a	n/a	S110
2131.5780000000	n/a	n/a	STATUS	n/a	n/a	S110
2134.4020000000	n/a	n/a	STATUS	n/a	n/a	S110
2138.4140000000	n/a	n/a	STATUS	n/a	n/a	S110
2141.4740000000	n/a	n/a	STATUS	n/a	n/a	S120
2143.4740000000	n/a	n/a	STATUS	n/a	n/a	S110
2145.8740000000	n/a	n/a	STATUS	n/a	n/a	S120
2148.1460000000	n/a	n/a	STATUS	n/a	n/a	S120
2150.5500000000	n/a	n/a	STATUS	n/a	n/a	S110
2152.4660000000	n/a	n/a	STATUS	n/a	n/a	S120
2155.1940000000	n/a	n/a	STATUS	n/a	n/a	S120
2157.4540000000	n/a	n/a	STATUS	n/a	n/a	S110
2165.9100000000	n/a	n/a	STATUS	n/a	n/a	S120
2169.0020000000	n/a	n/a	STATUS	n/a	n/a	S120
2173.3620000000	n/a	n/a	STATUS	n/a	n/a	S110
2177.9220000000	n/a	n/a	STATUS	n/a	n/a	S120
2181.1860000000	n/a	n/a	STATUS	n/a	n/a	S120
2184.4740000000	n/a	n/a	STATUS	n/a	n/a	S110
2187.8300000000	n/a	n/a	STATUS	n/a	n/a	S120
2192.0980000000	n/a	n/a	STATUS	n/a	n/a	S120
2195.0340000000	n/a	n/a	STATUS	n/a	n/a	S110
2198.2060000000	n/a	n/a	STATUS	n/a	n/a	S120
2202.1260000000	n/a	n/a	STATUS	n/a	n/a	S120
2205.5260000000	n/a	n/a	STATUS	n/a	n/a	S120
2209.7620000000	n/a	n/a	STATUS	n/a	n/a	S110
2213.9700000000	n/a	n/a	STATUS	n/a	n/a	S110
2217.4620000000	n/a	n/a	STATUS	n/a	n/a	S120
2220.4460000000	n/a	n/a	STATUS	n/a	n/a	S120
2223.8660000000	n/a	n/a	STATUS	n/a	n/a	S110
2227.0780000000	n/a	n/a	STATUS	n/a	n/a	S120
2230.5060000000	n/a	n/a	STATUS	n/a	n/a	S120
2234.5260000000	n/a	n/a	STATUS	n/a	n/a	S110
2237.3700000000	n/a	n/a	STATUS	n/a	n/a	S110
2240.5380000000	n/a	n/a	STATUS	n/a	n/a	S120
2244.1380000000	n/a	n/a	STATUS	n/a	n/a	S120
2247.0500000000	n/a	n/a	STATUS	n/a	n/a	S120
2250.9380000000	n/a	n/a	STATUS	n/a	n/a	S110
2255.5980000000	n/a	n/a	STATUS	n/a	n/a	S110
2266.3340000000	n/a	n/a	STATUS	n/a	n/a	S110
2269.9420000000	n/a	n/a	STATUS	n/a	n/a	S120
2274.9540000000	n/a	n/a	STATUS	n/a	n/a	S110
2278.6220000000	n/a	n/a	STATUS	n/a	n/a	S110
2281.7620000000	n/a	n/a	STATUS	n/a	n/a	S110
2285.7660000000	n/a	n/a	STATUS	n/a	n/a	S120
2288.9100000000	n/a	n/a	STATUS	n/a	n/a	S110
